<?xml version="1.0" encoding="UTF-8"?>
<metadata xml:lang="en"><Esri><CreaDate>20190513</CreaDate><CreaTime>12114900</CreaTime><ArcGISFormat>1.0</ArcGISFormat><SyncOnce>FALSE</SyncOnce><DataProperties><lineage><Process ToolSource="c:\program files (x86)\arcgis\desktop10.5\ArcToolbox\Toolboxes\Data Management Tools.tbx\CalculateField" Date="20190109" Time="080838">CalculateField AL_5k_Aggregation_Final GEO_ID_5k [AL_5k_SAS_] VB #</Process><Process ToolSource="c:\program files (x86)\arcgis\desktop10.5\ArcToolbox\Toolboxes\Data Management Tools.tbx\CalculateField" Date="20190109" Time="080848">CalculateField AL_5k_Aggregation_Final AggPop_5k [SUM_AL_CTa] VB #</Process><Process ToolSource="c:\program files (x86)\arcgis\desktop10.6\ArcToolbox\Toolboxes\Data Management Tools.tbx\CalculateField" Date="20190503" Time="103134">CalculateField AL_5k_Aggregation_Final GeoID [GEO_ID_5k] VB #</Process><Process ToolSource="c:\program files (x86)\arcgis\desktop10.6\ArcToolbox\Toolboxes\Data Management Tools.tbx\CalculateField" Date="20190503" Time="104319">CalculateField AL_5k_Aggregation_Final GeoID ""01"&amp; [COUNTY]&amp;[GEO_ID_5k]" VB #</Process><Process ToolSource="c:\program files (x86)\arcgis\desktop10.6\ArcToolbox\Toolboxes\Data Management Tools.tbx\CalculateField" Date="20190503" Time="115910">CalculateField AL_5k_Aggregation_Final geoid !GEO_ID_5k! PYTHON_9.3 #</Process><Process ToolSource="c:\program files (x86)\arcgis\desktop10.6\ArcToolbox\Toolboxes\Data Management Tools.tbx\CalculateField" Date="20190503" Time="121616">CalculateField AL_5k_Aggregation_Final geoid geoid( !geoid! ) PYTHON_9.3 "def geoid(geoid):\n  if geoid==0:\n    return 1\n  else:\n    return 2 "</Process><Process ToolSource="c:\program files (x86)\arcgis\desktop10.6\ArcToolbox\Toolboxes\Data Management Tools.tbx\CalculateField" Date="20190503" Time="122004">CalculateField AL_5k_Aggregation_Final geoid geoid( !geoid! ) PYTHON_9.3 "def geoid(geoid):\n  if geoid==0:\n    return 1\n  else:\n    return 2"</Process><Process ToolSource="c:\program files (x86)\arcgis\desktop10.6\ArcToolbox\Toolboxes\Data Management Tools.tbx\CalculateField" Date="20190503" Time="122137">CalculateField AL_5k_Aggregation_Final geoid geoid( !geoid! ) PYTHON_9.3 "def geoid(geoid):\n  if geoid==0:\n    return " !CENSUSAREA! "\n  else:\n    return 2"</Process><Process ToolSource="c:\program files (x86)\arcgis\desktop10.6\ArcToolbox\Toolboxes\Data Management Tools.tbx\CalculateField" Date="20190503" Time="122149">CalculateField AL_5k_Aggregation_Final geoid geoid( !geoid! ) PYTHON_9.3 "def geoid(geoid):\n  if geoid==0:\n    return " !CENSUSAREA! "\n  else:\n    return " !COUNTY!""</Process><Process ToolSource="c:\program files (x86)\arcgis\desktop10.6\ArcToolbox\Toolboxes\Data Management Tools.tbx\CalculateField" Date="20190503" Time="134049">CalculateField AL_5k_Aggregation_Final geoid [GEO_ID_5k] VB #</Process><Process ToolSource="c:\program files (x86)\arcgis\desktop10.6\ArcToolbox\Toolboxes\Data Management Tools.tbx\CalculateField" Date="20190503" Time="134635">CalculateField AL_5k_Aggregation_Final GeoID_1 geoid( !geoid!, !CENSUSAREA! ) PYTHON_9.3 "def geoid(geoid, CENSUSAREA):\n  if geoid==0:\n    return 'CENSUSAREA'\n  else:\n    return 'geoid'"</Process><Process ToolSource="c:\program files (x86)\arcgis\desktop10.6\ArcToolbox\Toolboxes\Data Management Tools.tbx\CalculateField" Date="20190503" Time="134805">CalculateField AL_5k_Aggregation_Final geoid geoid( !geoid!, !CENSUSAREA! ) PYTHON_9.3 "def geoid(geoid, CENSUSAREA):\n  if geoid==0:\n    return 'CENSUSAREA'\n  else:\n    return 'geoid'"</Process><Process ToolSource="c:\program files (x86)\arcgis\desktop10.6\ArcToolbox\Toolboxes\Data Management Tools.tbx\CalculateField" Date="20190503" Time="144452">CalculateField AL_5k_Aggregation_Final GeoID [GEO_ID_5k] VB #</Process><Process ToolSource="c:\program files (x86)\arcgis\desktop10.6\ArcToolbox\Toolboxes\Data Management Tools.tbx\CalculateField" Date="20190503" Time="145136">CalculateField AL_5k_Aggregation_Final GeoID Output VB "Dim String, Check\nString = [GEO_ID_5k]\nCheck = IsNumeric(String)\nIf Check = True then\nOutput = CDbl(String)\nelse\nOutput = null\nEnd if"</Process><Process ToolSource="c:\program files (x86)\arcgis\desktop10.6\ArcToolbox\Toolboxes\Data Management Tools.tbx\CalculateField" Date="20190503" Time="145907">CalculateField AL_5k_Aggregation_Final GeoID Output VB "Dim String, Check\nString = [GEO_ID_5k]\nCheck = IsNumeric(String)\nIf Check = True then\nOutput = CDbl(String)\nelse\nOutput = null\nEnd if"</Process><Process ToolSource="c:\program files (x86)\arcgis\desktop10.6\ArcToolbox\Toolboxes\Data Management Tools.tbx\CalculateField" Date="20190503" Time="150356">CalculateField AL_5k_Aggregation_Final GeoID "get_numbers ( !GEO_ID_5k!)" PYTHON_9.3 "def get_numbers(value):\n    return value if str(value).strip().isdigit() else '4'"</Process><Process ToolSource="c:\program files (x86)\arcgis\desktop10.6\ArcToolbox\Toolboxes\Data Management Tools.tbx\CalculateField" Date="20190503" Time="154651">CalculateField AL_5k_Aggregation_Final GeoID Right( [GEO_ID_5k],11 ) VB #</Process><Process ToolSource="c:\program files (x86)\arcgis\desktop10.6\ArcToolbox\Toolboxes\Data Management Tools.tbx\CalculateField" Date="20190503" Time="154738">CalculateField AL_5k_Aggregation_Final geoid_text Right( [GEO_ID_5k],11 ) VB #</Process><Process ToolSource="c:\program files (x86)\arcgis\desktop10.6\ArcToolbox\Toolboxes\Data Management Tools.tbx\CalculateField" Date="20190503" Time="154826">CalculateField AL_5k_Aggregation_Final geoid_text Left( [GEO_ID_5k],11 ) VB #</Process><Process ToolSource="c:\program files (x86)\arcgis\desktop10.6\ArcToolbox\Toolboxes\Data Management Tools.tbx\CalculateField" Date="20190503" Time="154851">CalculateField AL_5k_Aggregation_Final GeoID [geoid_text] VB #</Process><Process ToolSource="c:\program files (x86)\arcgis\desktop10.6\ArcToolbox\Toolboxes\Data Management Tools.tbx\CalculateField" Date="20190503" Time="154956">CalculateField AL_5k_Aggregation_Final GeoID "1"&amp;" [COUNTY]"&amp;"[geoid_text]" VB #</Process><Process ToolSource="c:\program files (x86)\arcgis\desktop10.6\ArcToolbox\Toolboxes\Data Management Tools.tbx\CalculateField" Date="20190503" Time="155118">CalculateField AL_5k_Aggregation_Final geoid_text "1"&amp;" [COUNTY]"&amp;" [GEO_ID_5k]" VB #</Process><Process ToolSource="c:\program files (x86)\arcgis\desktop10.6\ArcToolbox\Toolboxes\Data Management Tools.tbx\CalculateField" Date="20190503" Time="155158">CalculateField AL_5k_Aggregation_Final geoid_text 1&amp;[COUNTY]&amp;[GEO_ID_5k] VB #</Process><Process ToolSource="c:\program files (x86)\arcgis\desktop10.6\ArcToolbox\Toolboxes\Data Management Tools.tbx\CalculateField" Date="20190503" Time="155325">CalculateField AL_5k_Aggregation_Final GeoID 1&amp;[COUNTY]&amp;[GEO_ID_5k] VB #</Process><Process ToolSource="c:\program files (x86)\arcgis\desktop10.6\ArcToolbox\Toolboxes\Data Management Tools.tbx\Merge" Date="20190506" Time="142554">Merge AL_5k_Aggregation_Final;AL_zeroCTs "\\cdc.gov\private\L336\ojf9\Sub County\AL_5k_Aggregation_Final.shp" "COUNTY "COUNTY" true true false 32 Text 0 0 ,First,#,AL_5k_Aggregation_Final,COUNTY,-1,-1,AL_zeroCTs,COUNTY,-1,-1;CENSUSAREA "CENSUSAREA" true true false 19 Double 0 0 ,First,#,AL_5k_Aggregation_Final,CENSUSAREA,-1,-1,AL_zeroCTs,CENSUSAREA,-1,-1;GEO_ID_5k "GEO_ID_5k" true true false 15 Text 0 0 ,First,#,AL_5k_Aggregation_Final,GEO_ID_5k,-1,-1;AggPop_5k "AggPop_5k" true true false 7 Long 0 7 ,First,#,AL_5k_Aggregation_Final,AggPop_5k,-1,-1;GeoID "GeoID" true true false 19 Double 0 0 ,First,#,AL_5k_Aggregation_Final,GeoID,-1,-1;GEO_ID "GEO_ID" true true false 60 Text 0 0 ,First,#,AL_zeroCTs,GEO_ID,-1,-1;STATE "STATE" true true false 2 Text 0 0 ,First,#,AL_zeroCTs,STATE,-1,-1;TRACT "TRACT" true true false 6 Text 0 0 ,First,#,AL_zeroCTs,TRACT,-1,-1;NAME "NAME" true true false 90 Text 0 0 ,First,#,AL_zeroCTs,NAME,-1,-1;LSAD "LSAD" true true false 7 Text 0 0 ,First,#,AL_zeroCTs,LSAD,-1,-1;GEO_ID_1 "GEO_ID_1" true true false 254 Text 0 0 ,First,#,AL_zeroCTs,GEO_ID_1,-1,-1;State_Code "State_Code" true true false 254 Text 0 0 ,First,#,AL_zeroCTs,State_Code,-1,-1;StateCount "StateCount" true true false 254 Text 0 0 ,First,#,AL_zeroCTs,StateCount,-1,-1;CT_Pop "CT_Pop" true true false 19 Double 0 0 ,First,#,AL_zeroCTs,CT_Pop,-1,-1;Year "Year" true true false 19 Double 0 0 ,First,#,AL_zeroCTs,Year,-1,-1"</Process><Process ToolSource="c:\program files (x86)\arcgis\desktop10.6\ArcToolbox\Toolboxes\Data Management Tools.tbx\CalculateField" Date="20190506" Time="142836">CalculateField AL_5k_Aggregation_Final GeoID [STATE]&amp;[COUNTY]&amp;[TRACT] VB #</Process><Process ToolSource="c:\program files (x86)\arcgis\desktop10.6\ArcToolbox\Toolboxes\Data Management Tools.tbx\CalculateField" Date="20190506" Time="143333">CalculateField AL_5k_Aggregation_Final STATE 1 VB #</Process><Process ToolSource="c:\program files (x86)\arcgis\desktop10.6\ArcToolbox\Toolboxes\Data Management Tools.tbx\CalculateField" Date="20190506" Time="143343">CalculateField AL_5k_Aggregation_Final STATE 01 VB #</Process><Process ToolSource="c:\program files (x86)\arcgis\desktop10.6\ArcToolbox\Toolboxes\Data Management Tools.tbx\Project" Date="20190513" Time="121149">Project subcounty_5k_STFIPS_01 "\\cdc.gov\private\L336\ojf9\Sub County\Merged\AL\WGS\subcounty_5k_STFIPS_01.shp" GEOGCS['GCS_WGS_1984',DATUM['D_WGS_1984',SPHEROID['WGS_1984',6378137.0,298.257223563]],PRIMEM['Greenwich',0.0],UNIT['Degree',0.0174532925199433]] WGS_1984_(ITRF00)_To_NAD_1983 GEOGCS['GCS_North_American_1983',DATUM['D_North_American_1983',SPHEROID['GRS_1980',6378137.0,298.257222101]],PRIMEM['Greenwich',0.0],UNIT['Degree',0.0174532925199433]] NO_PRESERVE_SHAPE # NO_VERTICAL</Process><Process ToolSource="c:\program files (x86)\arcgis\desktop10.6\ArcToolbox\Toolboxes\Data Management Tools.tbx\DeleteFeatures" Date="20190611" Time="162401">DeleteFeatures subcounty_5k_STFIPS_01</Process></lineage><itemProps><itemName Sync="TRUE">AL_5k_Aggregation_Final</itemName><imsContentType Sync="TRUE">002</imsContentType><itemSize Sync="TRUE">0.000</itemSize><itemLocation><linkage Sync="TRUE">file://\\cdc.gov\private\L336\ojf9\Sub County\AL_5k_Aggregation_Final.shp</linkage><protocol Sync="TRUE">Local Area Network</protocol></itemLocation></itemProps><coordRef><type Sync="TRUE">Geographic</type><geogcsn Sync="TRUE">GCS_North_American_1983</geogcsn><csUnits Sync="TRUE">Angular Unit: Degree (0.017453)</csUnits><peXml Sync="TRUE">&lt;GeographicCoordinateSystem xsi:type='typens:GeographicCoordinateSystem' xmlns:xsi='http://www.w3.org/2001/XMLSchema-instance' xmlns:xs='http://www.w3.org/2001/XMLSchema' xmlns:typens='http://www.esri.com/schemas/ArcGIS/10.6'&gt;&lt;WKT&gt;GEOGCS[&amp;quot;GCS_North_American_1983&amp;quot;,DATUM[&amp;quot;D_North_American_1983&amp;quot;,SPHEROID[&amp;quot;GRS_1980&amp;quot;,6378137.0,298.257222101]],PRIMEM[&amp;quot;Greenwich&amp;quot;,0.0],UNIT[&amp;quot;Degree&amp;quot;,0.0174532925199433],AUTHORITY[&amp;quot;EPSG&amp;quot;,4269]]&lt;/WKT&gt;&lt;XOrigin&gt;-400&lt;/XOrigin&gt;&lt;YOrigin&gt;-400&lt;/YOrigin&gt;&lt;XYScale&gt;11258999068426.238&lt;/XYScale&gt;&lt;ZOrigin&gt;-100000&lt;/ZOrigin&gt;&lt;ZScale&gt;10000&lt;/ZScale&gt;&lt;MOrigin&gt;-100000&lt;/MOrigin&gt;&lt;MScale&gt;10000&lt;/MScale&gt;&lt;XYTolerance&gt;8.9831528411952133e-09&lt;/XYTolerance&gt;&lt;ZTolerance&gt;0.001&lt;/ZTolerance&gt;&lt;MTolerance&gt;0.001&lt;/MTolerance&gt;&lt;HighPrecision&gt;true&lt;/HighPrecision&gt;&lt;LeftLongitude&gt;-180&lt;/LeftLongitude&gt;&lt;WKID&gt;4269&lt;/WKID&gt;&lt;LatestWKID&gt;4269&lt;/LatestWKID&gt;&lt;/GeographicCoordinateSystem&gt;</peXml></coordRef></DataProperties><SyncDate>20190506</SyncDate><SyncTime>14255200</SyncTime><ModDate>20190506</ModDate><ModTime>14255200</ModTime></Esri><dataIdInfo><envirDesc Sync="TRUE"> Version 6.2 (Build 9200) ; Esri ArcGIS 10.6.1.9270</envirDesc><dataLang><languageCode value="eng" Sync="TRUE"></languageCode><countryCode value="USA" Sync="TRUE"></countryCode></dataLang><idCitation><resTitle Sync="TRUE">AL_5k_Aggregation_Final</resTitle><presForm><PresFormCd value="005" Sync="TRUE"></PresFormCd></presForm></idCitation><spatRpType><SpatRepTypCd value="001" Sync="TRUE"></SpatRepTypCd></spatRpType></dataIdInfo><mdLang><languageCode value="eng" Sync="TRUE"></languageCode><countryCode value="USA" Sync="TRUE"></countryCode></mdLang><mdChar><CharSetCd value="004" Sync="TRUE"></CharSetCd></mdChar><distInfo><distFormat><formatName Sync="TRUE">Shapefile</formatName></distFormat><distTranOps><transSize Sync="TRUE">0.000</transSize></distTranOps></distInfo><mdHrLv><ScopeCd value="005" Sync="TRUE"></ScopeCd></mdHrLv><mdHrLvName Sync="TRUE">dataset</mdHrLvName><refSysInfo><RefSystem><refSysID><identCode code="4269" Sync="TRUE"></identCode><idCodeSpace Sync="TRUE">EPSG</idCodeSpace><idVersion Sync="TRUE">6.12(3.0.1)</idVersion></refSysID></RefSystem></refSysInfo><spatRepInfo><VectSpatRep><geometObjs Name="AL_5k_Aggregation_Final"><geoObjTyp><GeoObjTypCd value="002" Sync="TRUE"></GeoObjTypCd></geoObjTyp><geoObjCnt Sync="TRUE">0</geoObjCnt></geometObjs><topLvl><TopoLevCd value="001" Sync="TRUE"></TopoLevCd></topLvl></VectSpatRep></spatRepInfo><spdoinfo><ptvctinf><esriterm Name="AL_5k_Aggregation_Final"><efeatyp Sync="TRUE">Simple</efeatyp><efeageom code="4" Sync="TRUE"></efeageom><esritopo Sync="TRUE">FALSE</esritopo><efeacnt Sync="TRUE">0</efeacnt><spindex Sync="TRUE">FALSE</spindex><linrefer Sync="TRUE">FALSE</linrefer></esriterm></ptvctinf></spdoinfo><eainfo><detailed Name="AL_5k_Aggregation_Final"><enttyp><enttypl Sync="TRUE">AL_5k_Aggregation_Final</enttypl><enttypt Sync="TRUE">Feature Class</enttypt><enttypc Sync="TRUE">0</enttypc></enttyp><attr><attrlabl Sync="TRUE">FID</attrlabl><attalias Sync="TRUE">FID</attalias><attrtype Sync="TRUE">OID</attrtype><attwidth Sync="TRUE">4</attwidth><atprecis Sync="TRUE">0</atprecis><attscale Sync="TRUE">0</attscale><attrdef Sync="TRUE">Internal feature number.</attrdef><attrdefs Sync="TRUE">Esri</attrdefs><attrdomv><udom Sync="TRUE">Sequential unique whole numbers that are automatically generated.</udom></attrdomv></attr><attr><attrlabl Sync="TRUE">Shape</attrlabl><attalias Sync="TRUE">Shape</attalias><attrtype Sync="TRUE">Geometry</attrtype><attwidth Sync="TRUE">0</attwidth><atprecis Sync="TRUE">0</atprecis><attscale Sync="TRUE">0</attscale><attrdef Sync="TRUE">Feature geometry.</attrdef><attrdefs Sync="TRUE">Esri</attrdefs><attrdomv><udom Sync="TRUE">Coordinates defining the features.</udom></attrdomv></attr><attr><attrlabl Sync="TRUE">COUNTY</attrlabl><attalias Sync="TRUE">COUNTY</attalias><attrtype Sync="TRUE">String</attrtype><attwidth Sync="TRUE">32</attwidth><atprecis Sync="TRUE">0</atprecis><attscale Sync="TRUE">0</attscale></attr><attr><attrlabl Sync="TRUE">CENSUSAREA</attrlabl><attalias Sync="TRUE">CENSUSAREA</attalias><attrtype Sync="TRUE">Double</attrtype><attwidth Sync="TRUE">19</attwidth><atprecis Sync="TRUE">0</atprecis><attscale Sync="TRUE">0</attscale></attr><attr><attrlabl Sync="TRUE">GEO_ID_5k</attrlabl><attalias Sync="TRUE">GEO_ID_5k</attalias><attrtype Sync="TRUE">String</attrtype><attwidth Sync="TRUE">15</attwidth><atprecis Sync="TRUE">0</atprecis><attscale Sync="TRUE">0</attscale></attr><attr><attrlabl Sync="TRUE">AggPop_5k</attrlabl><attalias Sync="TRUE">AggPop_5k</attalias><attrtype Sync="TRUE">Integer</attrtype><attwidth Sync="TRUE">7</attwidth><atprecis Sync="TRUE">7</atprecis><attscale Sync="TRUE">0</attscale></attr><attr><attrlabl Sync="TRUE">GeoID</attrlabl><attalias Sync="TRUE">GeoID</attalias><attrtype Sync="TRUE">Double</attrtype><attwidth Sync="TRUE">19</attwidth><atprecis Sync="TRUE">0</atprecis><attscale Sync="TRUE">0</attscale></attr><attr><attrlabl Sync="TRUE">GEO_ID</attrlabl><attalias Sync="TRUE">GEO_ID</attalias><attrtype Sync="TRUE">String</attrtype><attwidth Sync="TRUE">60</attwidth><atprecis Sync="TRUE">0</atprecis><attscale Sync="TRUE">0</attscale></attr><attr><attrlabl Sync="TRUE">STATE</attrlabl><attalias Sync="TRUE">STATE</attalias><attrtype Sync="TRUE">String</attrtype><attwidth Sync="TRUE">2</attwidth><atprecis Sync="TRUE">0</atprecis><attscale Sync="TRUE">0</attscale></attr><attr><attrlabl Sync="TRUE">TRACT</attrlabl><attalias Sync="TRUE">TRACT</attalias><attrtype Sync="TRUE">String</attrtype><attwidth Sync="TRUE">6</attwidth><atprecis Sync="TRUE">0</atprecis><attscale Sync="TRUE">0</attscale></attr><attr><attrlabl Sync="TRUE">NAME</attrlabl><attalias Sync="TRUE">NAME</attalias><attrtype Sync="TRUE">String</attrtype><attwidth Sync="TRUE">90</attwidth><atprecis Sync="TRUE">0</atprecis><attscale Sync="TRUE">0</attscale></attr><attr><attrlabl Sync="TRUE">LSAD</attrlabl><attalias Sync="TRUE">LSAD</attalias><attrtype Sync="TRUE">String</attrtype><attwidth Sync="TRUE">7</attwidth><atprecis Sync="TRUE">0</atprecis><attscale Sync="TRUE">0</attscale></attr><attr><attrlabl Sync="TRUE">GEO_ID_1</attrlabl><attalias Sync="TRUE">GEO_ID_1</attalias><attrtype Sync="TRUE">String</attrtype><attwidth Sync="TRUE">254</attwidth><atprecis Sync="TRUE">0</atprecis><attscale Sync="TRUE">0</attscale></attr><attr><attrlabl Sync="TRUE">State_Code</attrlabl><attalias Sync="TRUE">State_Code</attalias><attrtype Sync="TRUE">String</attrtype><attwidth Sync="TRUE">254</attwidth><atprecis Sync="TRUE">0</atprecis><attscale Sync="TRUE">0</attscale></attr><attr><attrlabl Sync="TRUE">StateCount</attrlabl><attalias Sync="TRUE">StateCount</attalias><attrtype Sync="TRUE">String</attrtype><attwidth Sync="TRUE">254</attwidth><atprecis Sync="TRUE">0</atprecis><attscale Sync="TRUE">0</attscale></attr><attr><attrlabl Sync="TRUE">CT_Pop</attrlabl><attalias Sync="TRUE">CT_Pop</attalias><attrtype Sync="TRUE">Double</attrtype><attwidth Sync="TRUE">19</attwidth><atprecis Sync="TRUE">0</atprecis><attscale Sync="TRUE">0</attscale></attr><attr><attrlabl Sync="TRUE">Year</attrlabl><attalias Sync="TRUE">Year</attalias><attrtype Sync="TRUE">Double</attrtype><attwidth Sync="TRUE">19</attwidth><atprecis Sync="TRUE">0</atprecis><attscale Sync="TRUE">0</attscale></attr></detailed></eainfo><mdDateSt Sync="TRUE">20190506</mdDateSt></metadata>
